sku_id,demand_over_horizon,avg_weekly_demand,on_hand_units,on_order_units,lead_time_days,reorder_point,unit_cost,list_price,category,lead_time_weeks,demand_over_lead_time,available_stock,stockout_risk,overstock_risk,risk_quadrant,recommended_action,shortage_units,excess_units,rupee_at_risk_stockout,rupee_locked_overstock,rupee_value_at_stake
SKU0057,1175.3107589240856,195.8851264873476,91.0,0.0,21.0,84.0,3754.2,7607.61,Decor,3.0,587.6553794620428,91.0,0.8451473377418852,0.0,Reorder Now,Raise a replenishment order before stock runs out.,496.6553794620428,0.0,3778360.4313492314,0.0,3778360.4313492314
SKU0113,977.0975107394518,162.84958512324195,101.0,0.0,30.0,68.0,2944.02,5746.94,Furniture,4.285714285714286,697.9267933853226,101.0,0.8552856818834891,0.0,Reorder Now,Raise a replenishment order before stock runs out.,596.9267933853226,0.0,3430502.4659778457,0.0,3430502.4659778457
SKU0020,1046.5229349974181,174.42048916623637,77.0,228.0,30.0,53.0,3565.77,6507.51,Small Appliances,4.285714285714286,747.516382141013,305.0,0.5919821862279078,0.0,Reorder Now,Raise a replenishment order before stock runs out.,442.51638214101297,0.0,2879679.7819464635,0.0,2879679.7819464635
SKU0054,904.2847745895468,150.7141290982578,62.0,104.0,21.0,95.0,3551.45,7361.97,Lighting,3.0,452.14238729477347,166.0,0.63285901816638,0.0,Reorder Now,Raise a replenishment order before stock runs out.,286.14238729477347,0.0,2106571.6709925034,0.0,2106571.6709925034
SKU0067,889.0604457445215,148.17674095742026,49.0,133.0,30.0,52.0,2195.72,4142.38,Decor,4.285714285714286,635.0431755318011,182.0,0.7134053131937232,0.0,Reorder Now,Raise a replenishment order before stock runs out.,453.0431755318011,0.0,1876676.9894594224,0.0,1876676.9894594224
SKU0098,779.9515094015912,129.99191823359854,57.0,148.0,30.0,40.0,2388.03,5198.32,Furniture,4.285714285714286,557.1082210011366,205.0,0.6320284062015632,0.0,Reorder Now,Raise a replenishment order before stock runs out.,352.1082210011366,0.0,1830371.2073946283,0.0,1830371.2073946283
SKU0058,954.5304395489954,159.08840659149925,115.0,0.0,21.0,84.0,2733.9,4709.91,Small Appliances,3.0,477.2652197744977,115.0,0.7590438288079401,0.0,Reorder Now,Raise a replenishment order before stock runs out.,362.2652197744977,0.0,1706236.5812681045,0.0,1706236.5812681045
SKU0097,832.697759839797,138.78295997329948,48.0,119.0,21.0,54.0,3314.16,6746.36,Decor,3.0,416.3488799198984,167.0,0.5988940812519318,0.0,Reorder Now,Raise a replenishment order before stock runs out.,249.34887991989842,0.0,1682197.3095364058,0.0,1682197.3095364058
SKU0196,1144.9084711829562,190.8180785304927,150.0,0.0,14.0,120.0,3566.72,6780.51,Furniture,2.0,381.6361570609854,150.0,0.6069554804367501,0.0,Reorder Now,Raise a replenishment order before stock runs out.,231.6361570609854,0.0,1570611.2793135822,0.0,1570611.2793135822
SKU0142,562.6557013041095,93.77595021735158,89.0,0.0,30.0,71.0,3386.73,5013.32,Decor,4.285714285714286,401.89692950293534,89.0,0.7785501867106204,0.0,Reorder Now,Raise a replenishment order before stock runs out.,312.89692950293534,0.0,1568652.4346156558,0.0,1568652.4346156558
SKU0073,1441.3572128676174,240.2262021446029,65.0,159.0,21.0,94.0,1765.46,2865.27,Small Appliances,3.0,720.6786064338087,224.0,0.6891818377842003,0.0,Reorder Now,Raise a replenishment order before stock runs out.,496.6786064338087,0.0,1423118.310656599,0.0,1423118.310656599
SKU0096,751.1108499877416,125.1851416646236,69.0,0.0,14.0,60.0,3487.44,7514.15,Furniture,2.0,250.3702833292472,69.0,0.7244081882143251,0.0,Reorder Now,Raise a replenishment order before stock runs out.,181.3702833292472,0.0,1362843.5144784627,0.0,1362843.5144784627
SKU0144,883.6531873489556,147.27553122482593,31.0,0.0,14.0,26.0,2399.17,4949.82,Textiles,2.0,294.55106244965185,31.0,0.8947550901966314,0.0,Reorder Now,Raise a replenishment order before stock runs out.,263.55106244965185,0.0,1304530.3199345355,0.0,1304530.3199345355
SKU0036,899.642872922678,149.94047882044632,54.0,181.0,30.0,83.0,1565.97,3083.51,Decor,4.285714285714286,642.602052087627,235.0,0.6342993315434438,0.0,Reorder Now,Raise a replenishment order before stock runs out.,407.60205208762704,0.0,1256845.003632719,0.0,1256845.003632719
SKU0197,721.4195711309249,120.23659518848747,38.0,128.0,21.0,35.0,2930.73,6360.06,Textiles,3.0,360.7097855654624,166.0,0.5397962388523171,0.0,Reorder Now,Raise a replenishment order before stock runs out.,194.70978556546243,0.0,1238365.918783475,0.0,1238365.918783475
SKU0070,1003.2226808410359,167.20378014017265,66.0,129.0,21.0,116.0,1799.01,3633.37,Furniture,3.0,501.611340420518,195.0,0.6112528081272548,0.0,Reorder Now,Raise a replenishment order before stock runs out.,306.611340420518,0.0,1114032.4459436974,0.0,1114032.4459436974
SKU0074,836.809480494853,139.46824674914217,67.0,112.0,30.0,140.0,1466.24,2173.88,Decor,4.285714285714286,597.7210574963235,179.0,0.7005292054628659,0.0,Reorder Now,Raise a replenishment order before stock runs out.,418.7210574963235,0.0,910249.3324701078,0.0,910249.3324701078
SKU0004,1331.843866320145,221.97397772002418,71.0,238.0,21.0,28.0,1321.33,2473.9,Furniture,3.0,665.9219331600725,309.0,0.5359816449750073,0.0,Reorder Now,Raise a replenishment order before stock runs out.,356.9219331600725,0.0,882989.1704447034,0.0,882989.1704447034
SKU0072,603.7135443996602,100.61892406661003,123.0,0.0,21.0,71.0,2607.34,4862.76,Textiles,3.0,301.8567721998301,123.0,0.5925219795348052,0.0,Reorder Now,Raise a replenishment order before stock runs out.,178.85677219983012,0.0,869737.5575824459,0.0,869737.5575824459
SKU0014,531.2013928564318,88.53356547607196,47.0,0.0,30.0,35.0,1194.69,2563.64,Lighting,4.285714285714286,379.42956632602267,47.0,0.876129842871508,0.0,Reorder Now,Raise a replenishment order before stock runs out.,332.42956632602267,0.0,852229.7334160447,0.0,852229.7334160447
SKU0062,882.5171544662453,147.08619241104088,66.0,220.0,30.0,36.0,1677.62,2425.32,Textiles,4.285714285714286,630.3693960473181,286.0,0.5462977711269922,0.0,Reorder Now,Raise a replenishment order before stock runs out.,344.3693960473181,0.0,835205.9836214816,0.0,835205.9836214816
SKU0006,778.7521406874117,129.79202344790195,113.0,0.0,14.0,98.0,3172.93,5012.3,Lighting,2.0,259.5840468958039,113.0,0.5646881950131636,0.0,Reorder Now,Raise a replenishment order before stock runs out.,146.5840468958039,0.0,734723.2182558379,0.0,734723.2182558379
SKU0184,539.6162471902057,89.93604119836762,62.0,0.0,14.0,55.0,3664.09,5948.3,Decor,2.0,179.87208239673524,62.0,0.6553106008788536,0.0,Reorder Now,Raise a replenishment order before stock runs out.,117.87208239673524,0.0,701138.5077205002,0.0,701138.5077205002
SKU0145,1405.456870103566,234.24281168392767,69.0,0.0,21.0,45.0,641.18,1061.41,Small Appliances,3.0,702.728435051783,69.0,0.9018112878911532,0.0,Reorder Now,Raise a replenishment order before stock runs out.,633.728435051783,0.0,672645.698248313,0.0,672645.698248313
SKU0124,206.697539520541,34.44958992009017,33.0,0.0,30.0,29.0,2611.54,5548.32,Furniture,4.285714285714286,147.64109965752928,33.0,0.7764850026412202,0.0,Reorder Now,Raise a replenishment order before stock runs out.,114.64109965752928,0.0,636065.5060518628,0.0,636065.5060518628
SKU0008,778.776632039797,129.79610533996618,62.0,0.0,7.0,54.0,3867.68,8228.71,Decor,1.0,129.79610533996618,62.0,0.5223277321179431,0.0,Reorder Now,Raise a replenishment order before stock runs out.,67.79610533996618,0.0,557874.489972033,0.0,557874.489972033
SKU0061,329.4534957623721,54.90891596039535,29.0,0.0,21.0,24.0,2118.67,3922.43,Decor,3.0,164.72674788118604,29.0,0.8239508739593578,0.0,Reorder Now,Raise a replenishment order before stock runs out.,135.72674788118604,0.0,532378.6676916005,0.0,532378.6676916005
SKU0193,492.15873383004214,82.02645563834035,68.0,0.0,14.0,68.0,2629.4,4648.41,Textiles,2.0,164.0529112766807,68.0,0.5854995838183222,0.0,Reorder Now,Raise a replenishment order before stock runs out.,96.0529112766807,0.0,446493.3133076353,0.0,446493.3133076353
SKU0125,454.907452784271,75.81790879737851,56.0,0.0,14.0,50.0,2421.18,4244.38,Lighting,2.0,151.63581759475701,56.0,0.6306941137768741,0.0,Reorder Now,Raise a replenishment order before stock runs out.,95.63581759475701,0.0,405914.7514828348,0.0,405914.7514828348
SKU0121,949.8324263888903,158.3054043981484,34.0,110.0,21.0,21.0,587.2,1176.99,Lighting,3.0,474.91621319444516,144.0,0.696788620815011,0.0,Reorder Now,Raise a replenishment order before stock runs out.,330.91621319444516,0.0,389485.07376773003,0.0,389485.07376773003
SKU0028,701.3524504923461,116.89207508205767,140.0,0.0,21.0,114.0,1027.55,1833.56,Decor,3.0,350.67622524617303,140.0,0.6007713385710118,0.0,Reorder Now,Raise a replenishment order before stock runs out.,210.67622524617303,0.0,386287.49956237304,0.0,386287.49956237304
SKU0055,155.07149896053352,25.845249826755587,38.0,0.0,21.0,32.0,3871.62,8777.96,Lighting,3.0,77.53574948026676,38.0,0.5099034928440178,0.0,Reorder Now,Raise a replenishment order before stock runs out.,39.53574948026676,0.0,347043.22750780237,0.0,347043.22750780237
SKU0114,947.6705207154791,157.9450867859132,73.0,0.0,7.0,26.0,2273.61,3520.35,Decor,1.0,157.9450867859132,73.0,0.5378140498985706,0.0,Reorder Now,Raise a replenishment order before stock runs out.,84.94508678591319,0.0,299036.4362667895,0.0,299036.4362667895
SKU0199,537.0472477675328,89.50787462792213,91.0,0.0,30.0,51.0,479.21,760.55,Decor,4.285714285714286,383.60517697680916,91.0,0.7627769241354597,0.0,Reorder Now,Raise a replenishment order before stock runs out.,292.60517697680916,0.0,222540.8673497122,0.0,222540.8673497122
SKU0090,913.4749320254209,152.24582200423683,50.0,0.0,7.0,35.0,1295.9,1930.87,Small Appliances,1.0,152.24582200423683,50.0,0.6715837627477977,0.0,Reorder Now,Raise a replenishment order before stock runs out.,102.24582200423683,0.0,197423.39033332074,0.0,197423.39033332074
SKU0007,383.7043853545787,63.95073089242978,85.0,204.0,14.0,51.0,3460.77,6964.03,Small Appliances,2.0,127.90146178485956,289.0,0.0,0.0,Healthy,No action needed; leave as is.,0.0,0.0,0.0,0.0,0.0
SKU0001,437.90097094867116,72.98349515811186,160.0,0.0,14.0,132.0,3151.81,6105.58,Decor,2.0,145.96699031622373,160.0,0.0,0.0,Healthy,No action needed; leave as is.,0.0,0.0,0.0,0.0,0.0
SKU0005,933.79584358649,155.63264059774835,87.0,160.0,21.0,40.0,1689.46,2436.2,Decor,3.0,466.897921793245,247.0,0.4709764415927766,0.0,Healthy,No action needed; leave as is.,219.89792179324502,0.0,535715.3170727035,0.0,0.0
SKU0002,534.9269875503161,89.15449792505268,137.0,189.0,7.0,135.0,3484.78,6763.97,Decor,1.0,89.15449792505268,326.0,0.0,0.0,Healthy,No action needed; leave as is.,0.0,0.0,0.0,0.0,0.0
SKU0003,131.36634044566014,21.89439007427669,89.0,297.0,30.0,39.0,2929.7,6576.29,Textiles,4.285714285714286,93.83310031832866,386.0,0.0,0.0,Healthy,No action needed; leave as is.,0.0,0.0,0.0,0.0,0.0
SKU0040,155.10374160670753,25.85062360111792,112.0,228.0,7.0,85.0,679.46,1159.81,Lighting,1.0,25.85062360111792,340.0,0.0,0.0,Healthy,No action needed; leave as is.,0.0,0.0,0.0,0.0,0.0
SKU0039,1257.6794047634653,209.61323412724423,46.0,105.0,7.0,80.0,1492.36,2218.48,Furniture,1.0,209.61323412724423,151.0,0.2796256370514444,0.0,Healthy,No action needed; leave as is.,58.613234127244226,0.0,130032.28764660878,0.0,0.0
SKU0038,1043.7432497507655,173.95720829179425,159.0,286.0,14.0,77.0,2424.94,4873.66,Small Appliances,2.0,347.9144165835885,445.0,0.0,0.0,Healthy,No action needed; leave as is.,0.0,0.0,0.0,0.0,0.0
SKU0037,291.84987983568783,48.641646639281305,101.0,244.0,21.0,78.0,3223.63,4950.35,Small Appliances,3.0,145.92493991784391,345.0,0.0,0.0,Healthy,No action needed; leave as is.,0.0,0.0,0.0,0.0,0.0
SKU0035,327.0728724070336,54.51214540117227,51.0,0.0,7.0,40.0,2431.88,3581.6,Decor,1.0,54.51214540117227,51.0,0.06442867686320673,0.0,Healthy,No action needed; leave as is.,3.512145401172269,0.0,12579.099968838598,0.0,0.0
SKU0034,480.49839508827085,80.08306584804514,77.0,139.0,21.0,40.0,1072.31,1641.07,Furniture,3.0,240.24919754413543,216.0,0.10093352149357619,0.0,Healthy,No action needed; leave as is.,24.249197544135427,0.0,39794.63061375432,0.0,0.0
SKU0033,173.20357971029637,28.867263285049393,91.0,141.0,7.0,56.0,3909.97,6920.39,Decor,1.0,28.867263285049393,232.0,0.0,0.0,Healthy,No action needed; leave as is.,0.0,0.0,0.0,0.0,0.0
SKU0032,932.6493557665722,155.44155929442869,139.0,135.0,7.0,120.0,2064.41,3449.2,Decor,1.0,155.44155929442869,274.0,0.0,0.0,Healthy,No action needed; leave as is.,0.0,0.0,0.0,0.0,0.0
SKU0027,886.5479669986861,147.757994499781,91.0,201.0,14.0,42.0,1398.73,2111.91,Furniture,2.0,295.515988999562,292.0,0.011897796161436202,0.0,Healthy,No action needed; leave as is.,3.515988999562012,0.0,7425.452328065008,0.0,0.0
SKU0048,686.0969068660138,114.34948447766897,81.0,206.0,14.0,57.0,2051.49,3202.25,Lighting,2.0,228.69896895533793,287.0,0.0,0.0,Healthy,No action needed; leave as is.,0.0,0.0,0.0,0.0,0.0
SKU0041,613.7430690473941,102.29051150789901,31.0,104.0,14.0,49.0,2828.77,4542.14,Furniture,2.0,204.58102301579802,135.0,0.3401147476441394,0.0,Healthy,No action needed; leave as is.,69.58102301579802,0.0,316046.7478809769,0.0,0.0
SKU0042,290.89180372713747,48.48196728785624,60.0,161.0,14.0,51.0,2189.15,3541.32,Furniture,2.0,96.96393457571249,221.0,0.0,0.0,Healthy,No action needed; leave as is.,0.0,0.0,0.0,0.0,0.0
SKU0045,211.63877665295868,35.27312944215978,126.0,274.0,14.0,47.0,3752.19,7905.14,Textiles,2.0,70.54625888431956,400.0,0.0,0.0,Healthy,No action needed; leave as is.,0.0,0.0,0.0,0.0,0.0
SKU0012,487.4735214118607,81.24558690197678,172.0,120.0,14.0,142.0,3767.07,8307.69,Furniture,2.0,162.49117380395356,292.0,0.0,0.0,Healthy,No action needed; leave as is.,0.0,0.0,0.0,0.0,0.0
SKU0011,396.83704494044844,66.13950749007473,190.0,201.0,14.0,134.0,950.58,1816.49,Small Appliances,2.0,132.27901498014947,391.0,0.0,0.0,Healthy,No action needed; leave as is.,0.0,0.0,0.0,0.0,0.0
SKU0013,284.56757238956953,47.427928731594925,84.0,282.0,14.0,143.0,2346.21,4384.48,Small Appliances,2.0,94.85585746318985,366.0,0.0,0.0,Healthy,No action needed; leave as is.,0.0,0.0,0.0,0.0,0.0
SKU0024,759.0675905838559,126.51126509730932,124.0,259.0,21.0,142.0,1729.97,3598.33,Small Appliances,3.0,379.53379529192796,383.0,0.0,0.0,Healthy,No action needed; leave as is.,0.0,0.0,0.0,0.0,0.0
SKU0023,1184.567183202888,197.42786386714798,119.0,156.0,7.0,104.0,1980.18,3776.1,Furniture,1.0,197.42786386714798,275.0,0.0,0.0,Healthy,No action needed; leave as is.,0.0,0.0,0.0,0.0,0.0
SKU0026,769.9489034244507,128.32481723740844,87.0,293.0,21.0,51.0,3505.12,7442.44,Small Appliances,3.0,384.97445171222535,380.0,0.012921511258996037,0.0,Healthy,No action needed; leave as is.,4.9744517122253455,0.0,37022.058401134396,0.0,0.0
SKU0025,220.3722748753787,36.728712479229785,69.0,179.0,7.0,99.0,2824.92,6193.41,Furniture,1.0,36.728712479229785,248.0,0.0,0.0,Healthy,No action needed; leave as is.,0.0,0.0,0.0,0.0,0.0
SKU0029,796.0657800412616,132.67763000687694,85.0,0.0,7.0,73.0,783.93,1474.32,Textiles,1.0,132.67763000687694,85.0,0.35934942464985026,0.0,Healthy,No action needed; leave as is.,47.67763000687694,0.0,70292.0834717388,0.0,0.0
SKU0030,297.0502638226386,49.5083773037731,121.0,210.0,14.0,71.0,1449.82,3260.09,Decor,2.0,99.0167546075462,331.0,0.0,0.0,Healthy,No action needed; leave as is.,0.0,0.0,0.0,0.0,0.0
SKU0031,564.1239798315369,94.02066330525615,86.0,289.0,14.0,46.0,1704.77,2486.24,Decor,2.0,188.0413266105123,375.0,0.0,0.0,Healthy,No action needed; leave as is.,0.0,0.0,0.0,0.0,0.0
SKU0009,393.74614365383576,65.6243572756393,120.0,286.0,14.0,99.0,1077.95,2172.0,Decor,2.0,131.2487145512786,406.0,0.0,0.0,Healthy,No action needed; leave as is.,0.0,0.0,0.0,0.0,0.0
SKU0016,396.22866497879915,66.03811082979986,54.0,150.0,7.0,73.0,3123.14,4930.95,Furniture,1.0,66.03811082979986,204.0,0.0,0.0,Healthy,No action needed; leave as is.,0.0,0.0,0.0,0.0,0.0
SKU0017,1399.2085655797432,233.20142759662386,98.0,138.0,14.0,94.0,2888.67,6098.44,Furniture,2.0,466.4028551932477,236.0,0.49399966708562154,0.0,Healthy,No action needed; leave as is.,230.40285519324772,0.0,1405097.9882247094,0.0,0.0
SKU0018,945.4692941434478,157.57821569057464,105.0,293.0,14.0,86.0,596.1,1297.59,Small Appliances,2.0,315.1564313811493,398.0,0.0,0.0,Healthy,No action needed; leave as is.,0.0,0.0,0.0,0.0,0.0
SKU0019,731.5296447887321,121.92160746478868,69.0,195.0,30.0,29.0,1577.65,3158.39,Small Appliances,4.285714285714286,522.5211748490943,264.0,0.49475731758383956,0.0,Healthy,No action needed; leave as is.,258.52117484909434,0.0,816510.6934316311,0.0,0.0
SKU0021,482.3606708379237,80.39344513965395,46.0,155.0,14.0,77.0,2928.66,4722.13,Furniture,2.0,160.7868902793079,201.0,0.0,0.0,Healthy,No action needed; leave as is.,0.0,0.0,0.0,0.0,0.0
SKU0022,386.0292394718896,64.33820657864827,68.0,123.0,14.0,66.0,1796.03,2555.53,Decor,2.0,128.67641315729654,191.0,0.0,0.0,Healthy,No action needed; leave as is.,0.0,0.0,0.0,0.0,0.0
SKU0015,918.3118094165812,153.05196823609688,42.0,143.0,14.0,21.0,1212.6,2020.98,Decor,2.0,306.10393647219377,185.0,0.39563011788708163,0.0,Healthy,No action needed; leave as is.,121.10393647219377,0.0,244748.63353157416,0.0,0.0
SKU0010,385.93669297777166,64.32278216296194,154.0,254.0,21.0,139.0,3650.88,5961.53,Small Appliances,3.0,192.96834648888583,408.0,0.0,0.0,Healthy,No action needed; leave as is.,0.0,0.0,0.0,0.0,0.0
SKU0071,439.25855571484567,73.2097592858076,72.0,150.0,7.0,91.0,1113.44,2109.19,Furniture,1.0,73.2097592858076,222.0,0.0,0.0,Healthy,No action needed; leave as is.,0.0,0.0,0.0,0.0,0.0
SKU0069,948.6717541473597,158.11195902455995,137.0,226.0,21.0,92.0,1840.04,2705.98,Furniture,3.0,474.33587707367985,363.0,0.2347194940440606,0.0,Healthy,No action needed; leave as is.,111.33587707367985,0.0,301272.65664383624,0.0,0.0
SKU0066,104.6452714052385,17.44087856753975,113.0,147.0,21.0,138.0,1195.44,2712.13,Furniture,3.0,52.32263570261925,260.0,0.0,0.0739356512810752,Healthy,No action needed; leave as is.,0.0,8.354728594761497,0.0,9987.576751321683,0.0
SKU0068,940.6039845123972,156.76733075206621,144.0,180.0,14.0,100.0,3882.72,7932.92,Small Appliances,2.0,313.53466150413243,324.0,0.0,0.0,Healthy,No action needed; leave as is.,0.0,0.0,0.0,0.0,0.0
SKU0065,811.6186326972179,135.26977211620297,127.0,283.0,14.0,118.0,3317.01,5719.09,Lighting,2.0,270.53954423240594,410.0,0.0,0.0,Healthy,No action needed; leave as is.,0.0,0.0,0.0,0.0,0.0
SKU0059,1139.8323347390422,189.97205578984037,56.0,150.0,14.0,57.0,3001.96,6085.92,Decor,2.0,379.94411157968074,206.0,0.4578149950961977,0.0,Healthy,No action needed; leave as is.,173.94411157968074,0.0,1058609.9475450106,0.0,0.0
SKU0063,455.1405541442769,75.85675902404616,111.0,178.0,7.0,94.0,511.83,982.95,Lighting,1.0,75.85675902404616,289.0,0.0,0.0,Healthy,No action needed; leave as is.,0.0,0.0,0.0,0.0,0.0
SKU0064,881.5916733898335,146.93194556497227,67.0,137.0,14.0,47.0,3930.09,8469.5,Furniture,2.0,293.86389112994453,204.0,0.3058010658757913,0.0,Healthy,No action needed; leave as is.,89.86389112994453,0.0,761102.2259250652,0.0,0.0
SKU0060,728.4908102032673,121.41513503387789,52.0,175.0,14.0,38.0,1291.56,2296.14,Textiles,2.0,242.83027006775578,227.0,0.06519067850700298,0.0,Healthy,No action needed; leave as is.,15.830270067755777,0.0,36348.51631337675,0.0,0.0
SKU0047,632.7348066294282,105.45580110490471,96.0,0.0,7.0,83.0,2019.61,3642.53,Furniture,1.0,105.45580110490471,96.0,0.08966601178723513,0.0,Healthy,No action needed; leave as is.,9.455801104904708,0.0,34443.03919864855,0.0,0.0
SKU0049,762.3669412633207,127.06115687722011,69.0,134.0,14.0,145.0,2681.81,5126.22,Decor,2.0,254.12231375444023,203.0,0.2011720773321779,0.0,Healthy,No action needed; leave as is.,51.12231375444023,0.0,262064.2272142866,0.0,0.0
SKU0050,680.465409291236,113.41090154853934,148.0,253.0,30.0,127.0,1114.28,2151.55,Furniture,4.285714285714286,486.04672092231147,401.0,0.1749764318148854,0.0,Healthy,No action needed; leave as is.,85.04672092231147,0.0,182982.27240039926,0.0,0.0
SKU0052,815.9480856812073,135.99134761353454,96.0,246.0,21.0,126.0,3477.05,5588.2,Small Appliances,3.0,407.9740428406036,342.0,0.16171137355025259,0.0,Healthy,No action needed; leave as is.,65.9740428406036,0.0,368676.14620186103,0.0,0.0
SKU0051,392.76991910706,65.46165318451,53.0,160.0,14.0,38.0,2579.88,5457.3,Lighting,2.0,130.92330636902,213.0,0.0,0.0,Healthy,No action needed; leave as is.,0.0,0.0,0.0,0.0,0.0
SKU0053,725.1066512865101,120.85110854775168,125.0,198.0,30.0,134.0,2635.07,4109.13,Decor,4.285714285714286,517.9333223475072,323.0,0.3763676016518527,0.0,Healthy,No action needed; leave as is.,194.93332234750721,0.0,801006.3628578123,0.0,0.0
SKU0056,213.10617028607896,35.51769504767983,77.0,221.0,7.0,73.0,885.01,1452.86,Lighting,1.0,35.51769504767983,298.0,0.0,0.0,Healthy,No action needed; leave as is.,0.0,0.0,0.0,0.0,0.0
SKU0044,1196.2590408634944,199.3765068105824,208.0,296.0,7.0,136.0,3603.87,7922.67,Decor,1.0,199.3765068105824,504.0,0.0,0.0,Healthy,No action needed; leave as is.,0.0,0.0,0.0,0.0,0.0
SKU0043,573.3166353032501,95.55277255054169,99.0,271.0,14.0,57.0,3548.15,5570.02,Furniture,2.0,191.10554510108338,370.0,0.0,0.0,Healthy,No action needed; leave as is.,0.0,0.0,0.0,0.0,0.0
SKU0046,546.4456027430331,91.07426712383885,131.0,249.0,7.0,80.0,540.67,1079.8,Small Appliances,1.0,91.07426712383885,380.0,0.0,0.0,Healthy,No action needed; leave as is.,0.0,0.0,0.0,0.0,0.0
SKU0085,326.95637341084193,54.49272890180699,172.0,215.0,21.0,145.0,2571.43,5630.72,Decor,3.0,163.47818670542097,387.0,0.0,0.0,Healthy,No action needed; leave as is.,0.0,0.0,0.0,0.0,0.0
SKU0092,717.046741777323,119.50779029622049,63.0,188.0,7.0,113.0,470.64,697.74,Lighting,1.0,119.50779029622049,251.0,0.0,0.0,Healthy,No action needed; leave as is.,0.0,0.0,0.0,0.0,0.0
SKU0093,418.75255510223366,69.79209251703894,88.0,295.0,14.0,145.0,3046.64,6435.79,Small Appliances,2.0,139.58418503407788,383.0,0.0,0.0,Healthy,No action needed; leave as is.,0.0,0.0,0.0,0.0,0.0
SKU0091,884.603832099141,147.43397201652348,96.0,173.0,21.0,106.0,501.45,846.14,Furniture,3.0,442.3019160495704,269.0,0.39181814448696134,0.0,Healthy,No action needed; leave as is.,173.30191604957042,0.0,146637.68324618353,0.0,0.0
SKU0089,845.7794931916867,140.96324886528112,120.0,288.0,21.0,43.0,547.03,1210.19,Small Appliances,3.0,422.88974659584335,408.0,0.03520952379598248,0.0,Healthy,No action needed; leave as is.,14.889746595843349,0.0,18019.422432823663,0.0,0.0
SKU0088,352.6620075225777,58.777001253762954,85.0,286.0,14.0,53.0,2313.19,3735.19,Textiles,2.0,117.55400250752591,371.0,0.0,0.0,Healthy,No action needed; leave as is.,0.0,0.0,0.0,0.0,0.0
SKU0087,1230.3872150967027,205.06453584945044,101.0,134.0,14.0,131.0,1738.58,3016.12,Small Appliances,2.0,410.1290716989009,235.0,0.427009650823956,0.0,Healthy,No action needed; leave as is.,175.12907169890087,0.0,528210.2957324889,0.0,0.0
SKU0086,673.7558414989114,112.29264024981858,80.0,199.0,7.0,114.0,2259.69,4024.79,Textiles,1.0,112.29264024981858,279.0,0.0,0.0,Healthy,No action needed; leave as is.,0.0,0.0,0.0,0.0,0.0
SKU0083,385.4290435025643,64.23817391709404,76.0,256.0,21.0,72.0,2779.58,4069.5,Decor,3.0,192.71452175128212,332.0,0.0,0.0,Healthy,No action needed; leave as is.,0.0,0.0,0.0,0.0,0.0
SKU0081,185.13557472078057,30.855929120130096,101.0,235.0,7.0,146.0,3774.64,6596.15,Furniture,1.0,30.855929120130096,336.0,0.0,0.0,Healthy,No action needed; leave as is.,0.0,0.0,0.0,0.0,0.0
SKU0082,169.60859446905303,28.268099078175506,67.0,156.0,14.0,99.0,1204.75,1919.32,Lighting,2.0,56.53619815635101,223.0,0.0,0.0,Healthy,No action needed; leave as is.,0.0,0.0,0.0,0.0,0.0
SKU0075,602.5294528082436,100.4215754680406,134.0,251.0,14.0,94.0,2859.08,5222.84,Furniture,2.0,200.8431509360812,385.0,0.0,0.0,Healthy,No action needed; leave as is.,0.0,0.0,0.0,0.0,0.0
SKU0076,919.8810881953556,153.31351469922592,65.0,149.0,7.0,54.0,1483.27,2696.89,Furniture,1.0,153.31351469922592,214.0,0.0,0.0,Healthy,No action needed; leave as is.,0.0,0.0,0.0,0.0,0.0
SKU0104,677.0090513304099,112.83484188840164,60.0,130.0,7.0,74.0,1829.89,3882.84,Decor,1.0,112.83484188840164,190.0,0.0,0.0,Healthy,No action needed; leave as is.,0.0,0.0,0.0,0.0,0.0
SKU0103,1176.8503871181956,196.14173118636594,46.0,156.0,7.0,28.0,3854.36,6696.5,Textiles,1.0,196.14173118636594,202.0,0.0,0.0,Healthy,No action needed; leave as is.,0.0,0.0,0.0,0.0,0.0
SKU0102,448.9642761736418,74.82737936227363,89.0,299.0,14.0,25.0,3103.7,6643.5,Decor,2.0,149.65475872454726,388.0,0.0,0.0,Healthy,No action needed; leave as is.,0.0,0.0,0.0,0.0,0.0
SKU0101,335.21902098992445,55.86983683165408,110.0,245.0,14.0,105.0,2046.61,2886.17,Furniture,2.0,111.73967366330815,355.0,0.0,0.0,Healthy,No action needed; leave as is.,0.0,0.0,0.0,0.0,0.0
SKU0100,430.44422545057284,71.74070424176215,170.0,278.0,7.0,126.0,1605.25,3266.0,Decor,1.0,71.74070424176215,448.0,0.0,0.0,Healthy,No action needed; leave as is.,0.0,0.0,0.0,0.0,0.0
SKU0109,665.8582171319415,110.97636952199025,96.0,292.0,21.0,26.0,2537.51,4185.99,Furniture,3.0,332.92910856597075,388.0,0.0,0.0,Healthy,No action needed; leave as is.,0.0,0.0,0.0,0.0,0.0
SKU0105,924.9434707929036,154.1572451321506,75.0,209.0,21.0,85.0,3580.9,6713.94,Lighting,3.0,462.4717353964518,284.0,0.38590841717809565,0.0,Healthy,No action needed; leave as is.,178.47173539645178,0.0,1198248.5231476533,0.0,0.0
SKU0106,267.0005633487169,44.50009389145282,118.0,250.0,14.0,129.0,2827.33,4150.21,Lighting,2.0,89.00018778290564,368.0,0.0,0.0,Healthy,No action needed; leave as is.,0.0,0.0,0.0,0.0,0.0
SKU0112,147.10268239448268,24.51711373241378,72.0,180.0,21.0,100.0,1193.19,1813.49,Decor,3.0,73.55134119724134,252.0,0.0,0.0,Healthy,No action needed; leave as is.,0.0,0.0,0.0,0.0,0.0
SKU0111,636.1006592685418,106.01677654475696,74.0,212.0,7.0,79.0,2837.92,5342.35,Decor,1.0,106.01677654475696,286.0,0.0,0.0,Healthy,No action needed; leave as is.,0.0,0.0,0.0,0.0,0.0
SKU0115,465.23175785113506,77.53862630852251,61.0,206.0,14.0,37.0,3951.01,6066.28,Decor,2.0,155.07725261704502,267.0,0.0,0.0,Healthy,No action needed; leave as is.,0.0,0.0,0.0,0.0,0.0
SKU0116,941.2291841064656,156.87153068441094,55.0,107.0,14.0,53.0,3342.28,6391.02,Small Appliances,2.0,313.7430613688219,162.0,0.4836539195696817,0.0,Healthy,No action needed; leave as is.,151.74306136882188,0.0,969792.9400693681,0.0,0.0
SKU0117,967.169053774635,161.1948422957725,82.0,275.0,14.0,87.0,1202.62,1744.69,Furniture,2.0,322.389684591545,357.0,0.0,0.0,Healthy,No action needed; leave as is.,0.0,0.0,0.0,0.0,0.0
SKU0110,198.21426895727276,33.0357114928788,142.0,151.0,21.0,128.0,1033.17,1693.72,Furniture,3.0,99.1071344786364,293.0,0.0,0.0,Healthy,No action needed; leave as is.,0.0,0.0,0.0,0.0,0.0
SKU0107,803.7710335925616,133.9618389320936,74.0,243.0,14.0,43.0,1899.98,3733.09,Furniture,2.0,267.9236778641872,317.0,0.0,0.0,Healthy,No action needed; leave as is.,0.0,0.0,0.0,0.0,0.0
SKU0108,706.2795657345279,117.71326095575465,51.0,167.0,14.0,86.0,3673.73,8313.03,Small Appliances,2.0,235.4265219115093,218.0,0.07402106512901496,0.0,Healthy,No action needed; leave as is.,17.426521911509298,0.0,144867.19944603415,0.0,0.0
SKU0120,148.0278104908117,24.67130174846862,123.0,285.0,30.0,112.0,1207.72,1916.05,Decor,4.285714285714286,105.7341503505798,408.0,0.0,0.0,Healthy,No action needed; leave as is.,0.0,0.0,0.0,0.0,0.0
SKU0119,783.2311143020671,130.53851905034452,107.0,234.0,7.0,129.0,3421.14,5551.19,Small Appliances,1.0,130.53851905034452,341.0,0.0,0.0,Healthy,No action needed; leave as is.,0.0,0.0,0.0,0.0,0.0
SKU0118,284.3105507522389,47.385091792039816,148.0,172.0,7.0,123.0,3037.16,6748.11,Lighting,1.0,47.385091792039816,320.0,0.0,0.0,Healthy,No action needed; leave as is.,0.0,0.0,0.0,0.0,0.0
SKU0122,465.33819123639495,77.55636520606582,60.0,183.0,30.0,39.0,1334.94,2849.76,Small Appliances,4.285714285714286,332.38442231171064,243.0,0.2689188069947688,0.0,Healthy,No action needed; leave as is.,89.38442231171064,0.0,254724.15132702052,0.0,0.0
SKU0123,475.6314042463519,79.27190070772532,114.0,201.0,14.0,122.0,1703.41,2590.23,Lighting,2.0,158.54380141545064,315.0,0.0,0.0,Healthy,No action needed; leave as is.,0.0,0.0,0.0,0.0,0.0
SKU0126,847.0425317222833,141.17375528704721,70.0,157.0,14.0,70.0,2257.67,4076.94,Decor,2.0,282.34751057409443,227.0,0.1960262035303831,0.0,Healthy,No action needed; leave as is.,55.34751057409443,0.0,225648.47975994853,0.0,0.0
SKU0127,799.8036503737127,133.30060839561878,165.0,247.0,14.0,132.0,3470.1,7823.58,Lighting,2.0,266.60121679123756,412.0,0.0,0.0,Healthy,No action needed; leave as is.,0.0,0.0,0.0,0.0,0.0
SKU0128,446.6140677303864,74.4356779550644,120.0,0.0,7.0,96.0,3110.33,4539.88,Furniture,1.0,74.4356779550644,120.0,0.0,0.0,Healthy,No action needed; leave as is.,0.0,0.0,0.0,0.0,0.0
SKU0095,175.7090082994674,29.2848347165779,53.0,177.0,30.0,84.0,1501.02,2259.58,Furniture,4.285714285714286,125.50643449961957,230.0,0.0,0.0,Healthy,No action needed; leave as is.,0.0,0.0,0.0,0.0,0.0
SKU0094,155.56363622139932,25.927272703566555,50.0,0.0,7.0,46.0,3900.86,8957.69,Textiles,1.0,25.927272703566555,50.0,0.0,0.0,Healthy,No action needed; leave as is.,0.0,0.0,0.0,0.0,0.0
SKU0099,524.542424194113,87.4237373656855,170.0,116.0,30.0,141.0,3946.1,8200.16,Lighting,4.285714285714286,374.6731601386521,286.0,0.2366680338293717,0.0,Healthy,No action needed; leave as is.,88.67316013865212,0.0,727134.1008425696,0.0,0.0
SKU0084,512.3486934235898,85.39144890393163,44.0,149.0,7.0,20.0,1461.4,2388.84,Decor,1.0,85.39144890393163,193.0,0.0,0.0,Healthy,No action needed; leave as is.,0.0,0.0,0.0,0.0,0.0
SKU0077,817.2935979280227,136.21559965467046,65.0,192.0,7.0,30.0,2595.11,3738.97,Small Appliances,1.0,136.21559965467046,257.0,0.0,0.0,Healthy,No action needed; leave as is.,0.0,0.0,0.0,0.0,0.0
SKU0078,97.4233548537787,16.237225808963117,101.0,162.0,7.0,126.0,2079.0,3919.83,Decor,1.0,16.237225808963117,263.0,0.0,0.03541232818040887,Healthy,No action needed; leave as is.,0.0,3.5766451462212956,0.0,7435.845258994073,0.0
SKU0079,336.41281092191787,56.06880182031964,122.0,0.0,14.0,96.0,2623.31,3735.23,Small Appliances,2.0,112.13760364063928,122.0,0.0,0.0,Healthy,No action needed; leave as is.,0.0,0.0,0.0,0.0,0.0
SKU0080,328.4067119813714,54.73445199689524,53.0,178.0,14.0,36.0,2757.1,5282.69,Small Appliances,2.0,109.46890399379048,231.0,0.0,0.0,Healthy,No action needed; leave as is.,0.0,0.0,0.0,0.0,0.0
SKU0136,506.7242842719165,84.45404737865275,82.0,0.0,7.0,61.0,754.36,1312.25,Small Appliances,1.0,84.45404737865275,82.0,0.02905778295799059,0.0,Healthy,No action needed; leave as is.,2.4540473786527457,0.0,3220.3236726370656,0.0,0.0
SKU0135,327.02194682453813,54.50365780408969,162.0,156.0,7.0,144.0,301.35,638.7,Furniture,1.0,54.50365780408969,318.0,0.0,0.0,Healthy,No action needed; leave as is.,0.0,0.0,0.0,0.0,0.0
SKU0134,484.9211877954452,80.82019796590752,94.0,0.0,14.0,37.0,1520.57,3352.55,Furniture,2.0,161.64039593181505,94.0,0.41846220149292307,0.0,Healthy,No action needed; leave as is.,67.64039593181505,0.0,226767.80938120655,0.0,0.0
SKU0133,897.8797568875456,149.64662614792425,111.0,285.0,14.0,139.0,1222.57,1906.36,Furniture,2.0,299.2932522958485,396.0,0.0,0.0,Healthy,No action needed; leave as is.,0.0,0.0,0.0,0.0,0.0
SKU0132,208.50682698900314,34.75113783150052,139.0,0.0,14.0,115.0,3896.47,7565.94,Lighting,2.0,69.50227566300104,139.0,0.0,0.0,Healthy,No action needed; leave as is.,0.0,0.0,0.0,0.0,0.0
SKU0131,431.9074630830004,71.98457718050007,116.0,260.0,7.0,102.0,850.24,1454.85,Decor,1.0,71.98457718050007,376.0,0.0,0.0,Healthy,No action needed; leave as is.,0.0,0.0,0.0,0.0,0.0
SKU0130,117.93026011532545,19.65504335255424,75.0,157.0,7.0,118.0,1921.46,3701.29,Furniture,1.0,19.65504335255424,232.0,0.0,0.0,Healthy,No action needed; leave as is.,0.0,0.0,0.0,0.0,0.0
SKU0129,681.4204388973477,113.57007314955796,118.0,245.0,14.0,136.0,1415.69,2789.0,Furniture,2.0,227.1401462991159,363.0,0.0,0.0,Healthy,No action needed; leave as is.,0.0,0.0,0.0,0.0,0.0
SKU0143,622.475928563344,103.74598809389067,84.0,282.0,14.0,39.0,2435.33,4897.92,Small Appliances,2.0,207.49197618778135,366.0,0.0,0.0,Healthy,No action needed; leave as is.,0.0,0.0,0.0,0.0,0.0
SKU0146,790.8873238099062,131.8145539683177,90.0,120.0,14.0,142.0,1090.76,2016.19,Decor,2.0,263.6291079366354,210.0,0.20342635286512234,0.0,Healthy,No action needed; leave as is.,53.62910793663542,0.0,108126.47113076497,0.0,0.0
SKU0147,726.0494041296752,121.00823402161252,109.0,263.0,21.0,100.0,541.86,833.15,Decor,3.0,363.0247020648376,372.0,0.0,0.0,Healthy,No action needed; leave as is.,0.0,0.0,0.0,0.0,0.0
SKU0137,951.6170927958227,158.60284879930379,76.0,256.0,14.0,55.0,3030.8,4746.44,Furniture,2.0,317.20569759860757,332.0,0.0,0.0,Healthy,No action needed; leave as is.,0.0,0.0,0.0,0.0,0.0
SKU0140,619.672882982429,103.27881383040483,77.0,257.0,7.0,123.0,3036.02,4333.69,Textiles,1.0,103.27881383040483,334.0,0.0,0.0,Healthy,No action needed; leave as is.,0.0,0.0,0.0,0.0,0.0
SKU0139,86.09605796884497,14.349342994807495,153.0,297.0,30.0,127.0,291.23,473.89,Small Appliances,4.285714285714286,61.49718426346069,450.0,0.0,0.43728066687029427,Healthy,No action needed; leave as is.,0.0,66.90394203115503,0.0,19484.43503773328,0.0
SKU0141,332.54627637489614,55.424379395816025,107.0,298.0,14.0,112.0,1083.51,1779.47,Lighting,2.0,110.84875879163205,405.0,0.0,0.0,Healthy,No action needed; leave as is.,0.0,0.0,0.0,0.0,0.0
SKU0138,591.8754501013682,98.64590835022803,113.0,269.0,14.0,36.0,1059.05,2207.02,Furniture,2.0,197.29181670045605,382.0,0.0,0.0,Healthy,No action needed; leave as is.,0.0,0.0,0.0,0.0,0.0
SKU0153,300.34790312902635,50.05798385483772,43.0,144.0,14.0,84.0,1787.93,3319.92,Furniture,2.0,100.11596770967545,187.0,0.0,0.0,Healthy,No action needed; leave as is.,0.0,0.0,0.0,0.0,0.0
SKU0154,430.3119920627216,71.71866534378692,70.0,235.0,14.0,40.0,3105.95,4592.34,Furniture,2.0,143.43733068757385,305.0,0.0,0.0,Healthy,No action needed; leave as is.,0.0,0.0,0.0,0.0,0.0
SKU0155,484.8468415996193,80.80780693326989,133.0,158.0,14.0,134.0,2200.47,3183.29,Small Appliances,2.0,161.61561386653977,291.0,0.0,0.0,Healthy,No action needed; leave as is.,0.0,0.0,0.0,0.0,0.0
SKU0156,226.50226761188657,37.750377935314425,72.0,216.0,14.0,109.0,2263.35,3579.62,Decor,2.0,75.50075587062885,288.0,0.0,0.0,Healthy,No action needed; leave as is.,0.0,0.0,0.0,0.0,0.0
SKU0157,298.857450769538,49.809575128256334,67.0,134.0,21.0,43.0,2773.79,5781.15,Small Appliances,3.0,149.428725384769,201.0,0.0,0.0,Healthy,No action needed; leave as is.,0.0,0.0,0.0,0.0,0.0
SKU0158,305.8098054927407,50.96830091545678,117.0,129.0,14.0,121.0,3208.01,4799.28,Small Appliances,2.0,101.93660183091356,246.0,0.0,0.0,Healthy,No action needed; leave as is.,0.0,0.0,0.0,0.0,0.0
SKU0159,117.45422404131543,19.575704006885903,87.0,291.0,14.0,39.0,2963.84,6652.36,Lighting,2.0,39.15140801377181,378.0,0.0,0.0,Healthy,No action needed; leave as is.,0.0,0.0,0.0,0.0,0.0
SKU0160,368.39286875605296,61.39881145934216,141.0,0.0,21.0,100.0,2928.15,4226.16,Furniture,3.0,184.19643437802648,141.0,0.23451286950199268,0.0,Healthy,No action needed; leave as is.,43.19643437802648,0.0,182555.04311104037,0.0,0.0
SKU0161,114.95541989249863,19.159236648749772,180.0,208.0,14.0,138.0,926.27,1433.21,Textiles,2.0,38.318473297499544,388.0,0.0,0.3613587783750076,Healthy,No action needed; leave as is.,0.0,65.04458010750137,0.0,60248.8432161753,0.0
SKU0162,817.876848250374,136.312808041729,110.0,246.0,30.0,58.0,2589.97,5742.17,Furniture,4.285714285714286,584.1977487502671,356.0,0.3906173025117512,0.0,Healthy,No action needed; leave as is.,228.19774875026712,0.0,1310350.2669413213,0.0,0.0
SKU0163,199.24306370163117,33.2071772836052,36.0,0.0,14.0,23.0,3293.91,5913.3,Decor,2.0,66.4143545672104,36.0,0.4579485077496537,0.0,Healthy,No action needed; leave as is.,30.414354567210395,0.0,179849.20286228522,0.0,0.0
SKU0148,509.70303072982847,84.95050512163807,101.0,283.0,14.0,78.0,488.37,1037.92,Furniture,2.0,169.90101024327615,384.0,0.0,0.0,Healthy,No action needed; leave as is.,0.0,0.0,0.0,0.0,0.0
SKU0149,243.33116883360884,40.555194805601474,105.0,241.0,14.0,127.0,2169.37,3838.39,Furniture,2.0,81.11038961120295,346.0,0.0,0.0,Healthy,No action needed; leave as is.,0.0,0.0,0.0,0.0,0.0
SKU0150,310.07426740465417,51.67904456744236,54.0,180.0,7.0,37.0,2367.59,5269.44,Lighting,1.0,51.67904456744236,234.0,0.0,0.0,Healthy,No action needed; leave as is.,0.0,0.0,0.0,0.0,0.0
SKU0151,1016.6803846752624,169.4467307792104,86.0,192.0,14.0,50.0,807.92,1617.28,Furniture,2.0,338.8934615584208,278.0,0.17968319978319672,0.0,Healthy,No action needed; leave as is.,60.893461558420825,0.0,98481.77750920283,0.0,0.0
SKU0152,514.4453665211953,85.74089442019921,79.0,116.0,7.0,115.0,1984.99,4277.11,Lighting,1.0,85.74089442019921,195.0,0.0,0.0,Healthy,No action needed; leave as is.,0.0,0.0,0.0,0.0,0.0
SKU0168,495.4386974925379,82.57311624875632,130.0,296.0,7.0,94.0,3991.12,8290.21,Small Appliances,1.0,82.57311624875632,426.0,0.0,0.0,Healthy,No action needed; leave as is.,0.0,0.0,0.0,0.0,0.0
SKU0167,1395.6213256957385,232.6035542826231,95.0,169.0,14.0,128.0,3207.0,6279.52,Textiles,2.0,465.2071085652462,264.0,0.43251082122496526,0.0,Healthy,No action needed; leave as is.,201.2071085652462,0.0,1263484.062377635,0.0,0.0
SKU0166,873.9168820944691,145.6528136824115,104.0,278.0,14.0,58.0,1811.38,3078.5,Lighting,2.0,291.305627364823,382.0,0.0,0.0,Healthy,No action needed; leave as is.,0.0,0.0,0.0,0.0,0.0
SKU0165,922.7310861694829,153.78851436158047,132.0,127.0,21.0,124.0,1627.98,3075.58,Small Appliances,3.0,461.3655430847414,259.0,0.4386230097109178,0.0,Healthy,No action needed; leave as is.,202.36554308474138,0.0,622391.4170005688,0.0,0.0
SKU0164,1318.6984122003323,219.7830687000554,144.0,271.0,21.0,73.0,2228.16,3999.26,Decor,3.0,659.3492061001662,415.0,0.3705914920947754,0.0,Healthy,No action needed; leave as is.,244.34920610016616,0.0,977216.0059881506,0.0,0.0
SKU0169,429.1724180144747,71.52873633574579,62.0,127.0,21.0,53.0,279.1,533.89,Textiles,3.0,214.58620900723736,189.0,0.11923510427631634,0.0,Healthy,No action needed; leave as is.,25.586209007237358,0.0,13660.221126873952,0.0,0.0
SKU0171,183.1482225727063,30.524703762117714,163.0,262.0,14.0,124.0,1679.56,3556.58,Decor,2.0,61.04940752423543,425.0,0.0,0.0,Healthy,No action needed; leave as is.,0.0,0.0,0.0,0.0,0.0
SKU0170,392.372103229795,65.39535053829917,138.0,250.0,7.0,65.0,546.23,1028.46,Textiles,1.0,65.39535053829917,388.0,0.0,0.0,Healthy,No action needed; leave as is.,0.0,0.0,0.0,0.0,0.0
SKU0176,474.37274428614967,79.06212404769161,36.0,123.0,14.0,23.0,2432.91,3629.88,Small Appliances,2.0,158.12424809538322,159.0,0.0,0.0,Healthy,No action needed; leave as is.,0.0,0.0,0.0,0.0,0.0
SKU0177,281.97112601806595,46.995187669677655,195.0,279.0,7.0,132.0,2872.87,4416.42,Lighting,1.0,46.995187669677655,474.0,0.0,0.0,Healthy,No action needed; leave as is.,0.0,0.0,0.0,0.0,0.0
SKU0179,153.53886210088496,25.58981035014749,76.0,255.0,21.0,121.0,585.97,1339.74,Textiles,3.0,76.76943105044248,331.0,0.0,0.0,Healthy,No action needed; leave as is.,0.0,0.0,0.0,0.0,0.0
SKU0178,522.4076194358153,87.06793657263587,119.0,274.0,14.0,130.0,447.69,668.77,Small Appliances,2.0,174.13587314527174,393.0,0.0,0.0,Healthy,No action needed; leave as is.,0.0,0.0,0.0,0.0,0.0
SKU0173,795.3990774075363,132.56651290125606,60.0,203.0,7.0,75.0,1119.43,1915.49,Small Appliances,1.0,132.56651290125606,263.0,0.0,0.0,Healthy,No action needed; leave as is.,0.0,0.0,0.0,0.0,0.0
SKU0174,291.88147541271786,48.64691256878631,156.0,297.0,21.0,111.0,1025.3,1826.3,Furniture,3.0,145.94073770635893,453.0,0.0,0.0,Healthy,No action needed; leave as is.,0.0,0.0,0.0,0.0,0.0
SKU0175,894.6528581743194,149.10880969571988,171.0,0.0,14.0,142.0,2406.98,4465.67,Decor,2.0,298.21761939143977,171.0,0.426593236345483,0.0,Healthy,No action needed; leave as is.,127.21761939143977,0.0,568111.9063877709,0.0,0.0
SKU0172,578.3864763850063,96.39774606416772,74.0,150.0,14.0,43.0,3121.75,4404.74,Furniture,2.0,192.79549212833544,224.0,0.0,0.0,Healthy,No action needed; leave as is.,0.0,0.0,0.0,0.0,0.0
SKU0183,1135.209481347736,189.2015802246227,93.0,268.0,14.0,149.0,1485.77,3066.26,Lighting,2.0,378.4031604492454,361.0,0.04599105469569575,0.0,Healthy,No action needed; leave as is.,17.403160449245377,0.0,53362.61475910313,0.0,0.0
SKU0182,849.0498144168845,141.50830240281408,63.0,117.0,7.0,114.0,589.93,1045.98,Textiles,1.0,141.50830240281408,180.0,0.0,0.0,Healthy,No action needed; leave as is.,0.0,0.0,0.0,0.0,0.0
SKU0181,1385.3080081906785,230.88466803177974,161.0,205.0,7.0,110.0,360.83,614.02,Furniture,1.0,230.88466803177974,366.0,0.0,0.0,Healthy,No action needed; leave as is.,0.0,0.0,0.0,0.0,0.0
SKU0180,338.0347387702045,56.33912312836742,41.0,117.0,7.0,130.0,1428.76,2400.75,Textiles,1.0,56.33912312836742,158.0,0.0,0.0,Healthy,No action needed; leave as is.,0.0,0.0,0.0,0.0,0.0
SKU0185,794.6279374027238,132.43798956712064,55.0,184.0,14.0,128.0,3672.16,6338.72,Small Appliances,2.0,264.8759791342413,239.0,0.09769092395172278,0.0,Healthy,No action needed; leave as is.,25.875979134241277,0.0,164020.58645779788,0.0,0.0
SKU0186,244.9432505279152,40.82387508798587,58.0,196.0,21.0,41.0,968.82,1805.55,Small Appliances,3.0,122.4716252639576,254.0,0.0,0.0,Healthy,No action needed; leave as is.,0.0,0.0,0.0,0.0,0.0
SKU0187,439.4836689222139,73.24727815370231,50.0,126.0,21.0,104.0,1746.3,2578.96,Lighting,3.0,219.74183446110692,176.0,0.19906011328420478,0.0,Healthy,No action needed; leave as is.,43.74183446110692,0.0,112808.44140181631,0.0,0.0
SKU0188,1339.4149275182629,223.2358212530438,60.0,202.0,7.0,45.0,1343.26,2360.9,Lighting,1.0,223.2358212530438,262.0,0.0,0.0,Healthy,No action needed; leave as is.,0.0,0.0,0.0,0.0,0.0
SKU0192,96.22136875228682,16.036894792047804,72.0,136.0,14.0,115.0,1437.3,2109.89,Small Appliances,2.0,32.07378958409561,208.0,0.0,0.0,Healthy,No action needed; leave as is.,0.0,0.0,0.0,0.0,0.0
SKU0191,323.37130745949025,53.89521790991504,188.0,230.0,7.0,124.0,1846.94,3251.88,Textiles,1.0,53.89521790991504,418.0,0.0,0.0,Healthy,No action needed; leave as is.,0.0,0.0,0.0,0.0,0.0
SKU0190,1203.2682744986944,200.54471241644907,63.0,212.0,14.0,60.0,2411.7,4014.61,Furniture,2.0,401.08942483289815,275.0,0.31436736305234053,0.0,Healthy,No action needed; leave as is.,126.08942483289815,0.0,506199.86582840123,0.0,0.0
SKU0189,965.2127432777098,160.86879054628497,61.0,206.0,14.0,73.0,939.79,1476.99,Decor,2.0,321.73758109256994,267.0,0.17013113888246992,0.0,Healthy,No action needed; leave as is.,54.73758109256994,0.0,80846.85989791488,0.0,0.0
SKU0195,172.9180329743287,28.819672162388116,115.0,259.0,7.0,92.0,2736.79,3880.06,Small Appliances,1.0,28.819672162388116,374.0,0.0,0.0,Healthy,No action needed; leave as is.,0.0,0.0,0.0,0.0,0.0
SKU0194,656.4659835850564,109.41099726417606,41.0,139.0,21.0,44.0,3487.93,6163.82,Furniture,3.0,328.2329917925282,180.0,0.45160905667345086,0.0,Healthy,No action needed; leave as is.,148.2329917925282,0.0,913681.4794706211,0.0,0.0
SKU0198,809.3518506773963,134.8919751128994,90.0,291.0,14.0,23.0,693.17,1223.97,Textiles,2.0,269.7839502257988,381.0,0.0,0.0,Healthy,No action needed; leave as is.,0.0,0.0,0.0,0.0,0.0
SKU0200,187.5085206560243,31.251420109337385,46.0,155.0,7.0,36.0,2625.26,5338.6,Furniture,1.0,31.251420109337385,201.0,0.0,0.0,Healthy,No action needed; leave as is.,0.0,0.0,0.0,0.0,0.0
